{
  "signature_key": "7294a4ba4c5b4d8ea0aa049d18028d14",
  "url": "https://v-staging.realaml.com/7294a4ba4c5b4d8ea0aa049d18028d14",
  "type": "quick_id_facematch",
  "email": null,
  "phone": null,
  "first_name": "MOCK",
  "middle_name": "",
  "last_name": "FAIL",
  "birth_date": "1900-01-01",
  "country": "India",
  "unit_no": "",
  "address_line_1": "123 Southern Avenue",
  "address_line_2": "Keyatala",
  "city": "Kolkata",
  "state": "West Bengal",
  "postal_code": "700029",
  "latitude": null,
  "longitude": null,
  "national_id": "TN9920190000999",
  "national_id_secondary": "ABCDE1234F",
  "national_id_tertiary": "",
  "national_id_type": "DRV",
  "national_id_secondary_type": "TAX",
  "national_id_tertiary_type": "",
  "created_at": "2022-09-30T13:36:39.887123Z",
  "is_cancelled": false,
  "is_completed": false,
  "is_id_verification_completed": true,
  "is_quick_id_completed": true,
  "quick_id_is_completed": true,
  "final_report_pdf_url_TEMP": "https://s3.ap-southeast-2.amazonaws.com/realaml-staging/7294a4ba4c5b4d8ea0aa049d18028d14/combined.pdf?X-Amz-Algorithm=AWS4-HMAC-SHA256&X-Amz-Credential=AKIA5QIHEJTFFUKANTOK%2F20220930%2Fap-southeast-2%2Fs3%2Faws4_request&X-Amz-Date=20220930T133712Z&X-Amz-Expires=900&X-Amz-SignedHeaders=host&X-Amz-Signature=b5331a55852c08f15749e42d6d8beb37b71af09d38345740ee6e622e1b22bade",
  "report_pdf_url_TEMP": "https://s3.ap-southeast-2.amazonaws.com/realaml-staging/7294a4ba4c5b4d8ea0aa049d18028d14/combined.pdf?X-Amz-Algorithm=AWS4-HMAC-SHA256&X-Amz-Credential=AKIA5QIHEJTFFUKANTOK%2F20220930%2Fap-southeast-2%2Fs3%2Faws4_request&X-Amz-Date=20220930T133712Z&X-Amz-Expires=900&X-Amz-SignedHeaders=host&X-Amz-Signature=b5331a55852c08f15749e42d6d8beb37b71af09d38345740ee6e622e1b22bade",
  "result": null,
  "result_sources": [
    {
      "name": "FAIL",
      "label": "Historical Electoral Roll",
      "address": "NA",
      "birth_date": "FAIL",
      "national_id_type": null
    },
    {
      "name": "FAIL",
      "label": "Public Phone Directory",
      "address": "FAIL",
      "birth_date": "NA",
      "national_id_type": null
    },
    {
      "name": "FAIL",
      "label": "Commercial Credit Bureau 1",
      "address": "FAIL",
      "birth_date": "FAIL",
      "national_id_type": null
    },
    {
      "name": "FAIL",
      "label": "Public Credit Bureau",
      "address": "FAIL",
      "birth_date": "NA",
      "national_id_type": null
    }
  ],
  "quick_id_result_sources": [
    {
      "name": "FAIL",
      "label": "Historical Electoral Roll",
      "address": "NA",
      "birth_date": "FAIL",
      "national_id_type": null
    },
    {
      "name": "FAIL",
      "label": "Public Phone Directory",
      "address": "FAIL",
      "birth_date": "NA",
      "national_id_type": null
    },
    {
      "name": "FAIL",
      "label": "Commercial Credit Bureau 1",
      "address": "FAIL",
      "birth_date": "FAIL",
      "national_id_type": null
    },
    {
      "name": "FAIL",
      "label": "Public Credit Bureau",
      "address": "FAIL",
      "birth_date": "NA",
      "national_id_type": null
    }
  ],
  "quick_id_name_result": "FAIL",
  "quick_id_birth_date_result": "FAIL",
  "quick_id_address_result": "NA",
  "quick_id_overall_result": "FAIL",
  "pep_overall_result": "NA",
  "name_result": "FAIL",
  "birth_date_result": "FAIL",
  "address_result": "NA",
  "overall_result": "FAIL",
  "pep_result": "NA",
  "pep_hits": null,
  "org_name": "ABC Super Fund",
  "is_facematch_completed": false,
  "facematch_is_completed": false,
  "facematch_identity_document_result": null,
  "facematch_data_comparison_result": null,
  "facematch_document_expiry_result": null,
  "facematch_anti_tamper_result": null,
  "facematch_id_doc_liveliness_result": null,
  "facematch_agency_duplicate_result": null,
  "facematch_anti_fraud_result": null,
  "facematch_portraits_comparison_result": null,
  "facematch_mrz_result": null,
  "facematch_portrait_age_result": null,
  "facematch_public_figure_result": null,
  "facematch_photo_liveliness_result": null,
  "facematch_face_comparison_result": null,
  "facematch_overall_result": null,
  "facematch_first_name_OCR_result": false,
  "facematch_last_name_OCR_result": false,
  "facematch_birth_date_OCR_result": false,
  "facematch_document_OCR_check": false,
  "facematch_matched_public_figures": null,
  "facematch_portrait_age_range": null,
  "facematch_duplicate_signature_keys": null,
  "facematch_id_type": null,
  "facematch_id_country": null,
  "facematch_id_expiry": null,
  "facematch_ocr_data": {},
  "facematch_mrz_validated": null,
  "facematch_id_front_url_TEMP": null,
  "facematch_id_back_url_TEMP": null,
  "facematch_id_front_original_url_TEMP": null,
  "facematch_id_back_original_url_TEMP": null,
  "facematch_face_from_id_url_TEMP": null,
  "facematch_face_from_selfie_url_TEMP": null,
  "facematch_face_from_liveness_url_TEMP": null,
  "facematch_selfie_url_TEMP": null,
  "facematch_liveness_url_TEMP": null,
  "facematch_liveness_video1_url_TEMP": null,
  "facematch_liveness_video2_url_TEMP": null,
  "facematch_liveness_probability": 0,
  "facematch_liveness_quality": 0,
  "is_bankmatch_completed": null,
  "bankmatch_is_completed": null,
  "bankmatch_bank_name": null,
  "bankmatch_bank_logo_url_TEMP": null,
  "bankmatch_overall_result": null
}