{
  "signature_key": "7e48223b38254b3696bc3ffb99109c68",
  "url": "https://v-staging.realaml.com/7e48223b38254b3696bc3ffb99109c68",
  "type": "quick_id_facematch",
  "email": null,
  "phone": null,
  "first_name": "MOCK",
  "middle_name": "FM2",
  "last_name": "PARTIAL",
  "birth_date": "1960-01-01",
  "country": "Australia",
  "unit_no": "",
  "address_line_1": "7 Railway Street",
  "address_line_2": "",
  "city": "Chatswood",
  "state": "New South Wales",
  "postal_code": "2067",
  "latitude": null,
  "longitude": null,
  "national_id": "123456789",
  "national_id_secondary": "NSW",
  "national_id_tertiary": "987654321",
  "national_id_type": "DRV",
  "national_id_secondary_type": "",
  "national_id_tertiary_type": "",
  "created_at": "2022-09-21T08:36:56.444783Z",
  "is_cancelled": false,
  "is_completed": true,
  "unique_ip_addresses": [
    "159.196.168.47"
  ],
  "quick_id_completed_at": "2022-09-21T08:37:20.946277Z",
  "facematch_completed_at": "2022-09-21T08:38:17.712622Z",
  "completed_at": "2022-09-21T08:38:17.712622Z",
  "is_id_verification_completed": true,
  "is_quick_id_completed": true,
  "quick_id_is_completed": true,
  "final_report_pdf_url_TEMP": "https://s3.ap-southeast-2.amazonaws.com/realaml-staging/7e48223b38254b3696bc3ffb99109c68/combined_4fASyfK.pdf?X-Amz-Algorithm=AWS4-HMAC-SHA256&X-Amz-Credential=AKIA5QIHEJTFFUKANTOK%2F20221130%2Fap-southeast-2%2Fs3%2Faws4_request&X-Amz-Date=20221130T135640Z&X-Amz-Expires=900&X-Amz-SignedHeaders=host&X-Amz-Signature=b53ddfa766699562ac988cd96c76565206fa7e009336470f54308c7264c4ab3e",
  "report_pdf_url_TEMP": "https://s3.ap-southeast-2.amazonaws.com/realaml-staging/7e48223b38254b3696bc3ffb99109c68/combined_4fASyfK.pdf?X-Amz-Algorithm=AWS4-HMAC-SHA256&X-Amz-Credential=AKIA5QIHEJTFFUKANTOK%2F20221130%2Fap-southeast-2%2Fs3%2Faws4_request&X-Amz-Date=20221130T135640Z&X-Amz-Expires=900&X-Amz-SignedHeaders=host&X-Amz-Signature=b53ddfa766699562ac988cd96c76565206fa7e009336470f54308c7264c4ab3e",
  "result": "FAIL",
  "result_sources": [
    {
      "name": "PASS",
      "label": "AU Driver Licence",
      "address": "NA",
      "birth_date": "PASS",
      "national_id_type": "DRV"
    },
    {
      "name": "FAIL",
      "label": "Commercial Credit Bureau 1",
      "address": "FAIL",
      "birth_date": "FAIL",
      "national_id_type": null
    },
    {
      "name": "FAIL",
      "label": "Public Phone Directory",
      "address": "FAIL",
      "birth_date": "FAIL",
      "national_id_type": null
    },
    {
      "name": "FAIL",
      "label": "Public Credit Bureau",
      "address": "FAIL",
      "birth_date": "FAIL",
      "national_id_type": null
    }
  ],
  "quick_id_result_sources": [
    {
      "name": "PASS",
      "label": "AU Driver Licence",
      "address": "NA",
      "birth_date": "PASS",
      "national_id_type": "DRV"
    },
    {
      "name": "FAIL",
      "label": "Commercial Credit Bureau 1",
      "address": "FAIL",
      "birth_date": "FAIL",
      "national_id_type": null
    },
    {
      "name": "FAIL",
      "label": "Public Phone Directory",
      "address": "FAIL",
      "birth_date": "FAIL",
      "national_id_type": null
    },
    {
      "name": "FAIL",
      "label": "Public Credit Bureau",
      "address": "FAIL",
      "birth_date": "FAIL",
      "national_id_type": null
    }
  ],
  "quick_id_name_result": "PARTIAL",
  "quick_id_birth_date_result": "PASS",
  "quick_id_address_result": "FAIL",
  "quick_id_overall_result": "PARTIAL",
  "pep_overall_result": "NA",
  "name_result": "PARTIAL",
  "birth_date_result": "PASS",
  "address_result": "FAIL",
  "overall_result": "PARTIAL",
  "pep_result": "NA",
  "pep_hits": null,
  "org_name": "ABC Test Mei",
  "is_facematch_completed": true,
  "facematch_is_completed": true,
  "facematch_identity_document_result": "PASS",
  "facematch_data_comparison_result": "PASS",
  "facematch_document_expiry_result": "PASS",
  "facematch_anti_tamper_result": "PASS",
  "facematch_id_doc_liveliness_result": "PASS",
  "facematch_agency_duplicate_result": "PASS",
  "facematch_anti_fraud_result": "PASS",
  "facematch_portraits_comparison_result": "PASS",
  "facematch_mrz_result": "PASS",
  "facematch_portrait_age_result": "PASS",
  "facematch_public_figure_result": "PASS",
  "facematch_photo_liveliness_result": "PASS",
  "facematch_face_comparison_result": "FAIL",
  "facematch_overall_result": "FAIL",
  "facematch_first_name_OCR_result": true,
  "facematch_last_name_OCR_result": true,
  "facematch_birth_date_OCR_result": true,
  "facematch_document_OCR_check": true,
  "facematch_matched_public_figures": null,
  "facematch_portrait_age_range": null,
  "facematch_duplicate_signature_keys": null,
  "facematch_id_type": "New Zealand Driver Licence",
  "facematch_id_country": "New Zealand",
  "facematch_id_expiry": "2035-10-03",
  "facematch_ocr_data": {
    "city": null,
    "state": null,
    "unit_no": null,
    "full_name": "MOCK FM2 PARTIAL",
    "last_name": "PARTIAL",
    "birth_date": "1900-01-01",
    "first_name": "MOCK",
    "issue_date": "1990-01-01",
    "expiry_date": "2100-01-01",
    "middle_name": "FM2",
    "national_id": "AB123123",
    "postal_code": null,
    "country_code": "NZ",
    "country_name": "New Zealand",
    "address_line_1": null,
    "address_line_2": null,
    "national_id_type": "DRV",
    "national_id_tertiary": null,
    "national_id_secondary": "123",
    "national_id_tertiary_type": null,
    "national_id_secondary_type": null
  },
  "facematch_mrz_validated": true,
  "facematch_id_front_url_TEMP": "https://s3.ap-southeast-2.amazonaws.com/realaml-staging/7e48223b38254b3696bc3ffb99109c68/15b5c3557d244496a6d552b1ffbfeff3.png?X-Amz-Algorithm=AWS4-HMAC-SHA256&X-Amz-Credential=AKIA5QIHEJTFFUKANTOK%2F20221130%2Fap-southeast-2%2Fs3%2Faws4_request&X-Amz-Date=20221130T135640Z&X-Amz-Expires=900&X-Amz-SignedHeaders=host&X-Amz-Signature=023b6546e4d77aa3d732198bc543dd210795f5f285f285c0757f28520bf3885d",
  "facematch_id_back_url_TEMP": null,
  "facematch_id_front_original_url_TEMP": "https://s3.ap-southeast-2.amazonaws.com/realaml-staging/7e48223b38254b3696bc3ffb99109c68/15b5c3557d244496a6d552b1ffbfeff3.png?X-Amz-Algorithm=AWS4-HMAC-SHA256&X-Amz-Credential=AKIA5QIHEJTFFUKANTOK%2F20221130%2Fap-southeast-2%2Fs3%2Faws4_request&X-Amz-Date=20221130T135640Z&X-Amz-Expires=900&X-Amz-SignedHeaders=host&X-Amz-Signature=023b6546e4d77aa3d732198bc543dd210795f5f285f285c0757f28520bf3885d",
  "facematch_id_back_original_url_TEMP": null,
  "facematch_face_from_id_url_TEMP": null,
  "facematch_face_from_selfie_url_TEMP": null,
  "facematch_face_from_liveness_url_TEMP": null,
  "facematch_selfie_url_TEMP": "https://s3.ap-southeast-2.amazonaws.com/realaml-staging/7e48223b38254b3696bc3ffb99109c68/a3afb60ad60e4968a6074d68a7751642.png?X-Amz-Algorithm=AWS4-HMAC-SHA256&X-Amz-Credential=AKIA5QIHEJTFFUKANTOK%2F20221130%2Fap-southeast-2%2Fs3%2Faws4_request&X-Amz-Date=20221130T135640Z&X-Amz-Expires=900&X-Amz-SignedHeaders=host&X-Amz-Signature=2b5932f338469dd612b8d7068392184e42784fd089f580f80961912d74781607",
  "facematch_liveness_url_TEMP": "https://s3.ap-southeast-2.amazonaws.com/realaml-staging/7e48223b38254b3696bc3ffb99109c68/a3afb60ad60e4968a6074d68a7751642.png?X-Amz-Algorithm=AWS4-HMAC-SHA256&X-Amz-Credential=AKIA5QIHEJTFFUKANTOK%2F20221130%2Fap-southeast-2%2Fs3%2Faws4_request&X-Amz-Date=20221130T135640Z&X-Amz-Expires=900&X-Amz-SignedHeaders=host&X-Amz-Signature=2b5932f338469dd612b8d7068392184e42784fd089f580f80961912d74781607",
  "facematch_liveness_video1_url_TEMP": null,
  "facematch_liveness_video2_url_TEMP": null,
  "facematch_liveness_probability": 0,
  "facematch_liveness_quality": 0,
  "is_bankmatch_completed": null,
  "bankmatch_is_completed": null,
  "bankmatch_bank_name": null,
  "bankmatch_bank_logo_url_TEMP": null,
  "bankmatch_overall_result": null,
  "facematch_id_front_o": "943_F_xoxt60.png",
  "facematch_id_front_c": "943_F_yc0uao.png",
  "facematch_liveness_o": "943_S_s4567tmf.png",
  "facematch_liveness_c": "943_S_y9sn39.png"
}