{
  "signature_key": "d19d6b6d8eaa4121ad8712a34e44e513",
  "url": "https://v-staging.realaml.com/d19d6b6d8eaa4121ad8712a34e44e513",
  "type": "quick_id_facematch",
  "email": null,
  "phone": null,
  "first_name": "MOCK",
  "middle_name": "FM3",
  "last_name": "PASS",
  "birth_date": "1900-01-01",
  "country": "India",
  "unit_no": "",
  "address_line_1": "Gandhi Road",
  "address_line_2": "Khadia",
  "city": "Ahmedabad",
  "state": "Gujarat",
  "postal_code": "380001",
  "latitude": null,
  "longitude": null,
  "national_id": "abc1234567",
  "national_id_secondary": "aaaaa1113e",
  "national_id_type": "VOTE",
  "national_id_secondary_type": "TAX",
  "created_at": "2022-07-25T11:36:09.264816Z",
  "is_cancelled": false,
  "is_completed": true,
  "is_id_verification_completed": true,
  "is_quick_id_completed": true,
  "quick_id_is_completed": true,
  "final_report_pdf_url_TEMP": "https://s3.ap-southeast-2.amazonaws.com/realaml-staging/d19d6b6d8eaa4121ad8712a34e44e513/combined_sYjEWum.pdf?X-Amz-Algorithm=AWS4-HMAC-SHA256&X-Amz-Credential=AKIA5QIHEJTFFUKANTOK%2F20220805%2Fap-southeast-2%2Fs3%2Faws4_request&X-Amz-Date=20220805T065526Z&X-Amz-Expires=900&X-Amz-SignedHeaders=host&X-Amz-Signature=4ddc2a4429b177bf6da347aa6b65d2ad7845d79937d25d440bc266a6d119bc2c",
  "report_pdf_url_TEMP": "https://s3.ap-southeast-2.amazonaws.com/realaml-staging/d19d6b6d8eaa4121ad8712a34e44e513/combined_sYjEWum.pdf?X-Amz-Algorithm=AWS4-HMAC-SHA256&X-Amz-Credential=AKIA5QIHEJTFFUKANTOK%2F20220805%2Fap-southeast-2%2Fs3%2Faws4_request&X-Amz-Date=20220805T065526Z&X-Amz-Expires=900&X-Amz-SignedHeaders=host&X-Amz-Signature=4ddc2a4429b177bf6da347aa6b65d2ad7845d79937d25d440bc266a6d119bc2c",
  "result": "FAIL",
  "result_sources": [
{
      "name": "PASS",
      "label": "Historical Electoral Roll",
      "address": "NA",
      "birth_date": "PASS"
},
    {
      "name": "PASS",
      "label": "Public Phone Directory",
      "address": "PASS",
      "birth_date": "NA"
},
    {
      "name": "PASS",
      "label": "Commercial Credit Bureau 1",
      "address": "PASS",
      "birth_date": "PASS"
},
    {
      "name": "PASS",
      "label": "Public Credit Bureau",
      "address": "PASS",
      "birth_date": "NA"
}
  ],
  "quick_id_result_sources": [
{
      "name": "PASS",
      "label": "Historical Electoral Roll",
      "address": "NA",
      "birth_date": "PASS"
},
    {
      "name": "PASS",
      "label": "Public Phone Directory",
      "address": "PASS",
      "birth_date": "NA"
},
    {
      "name": "PASS",
      "label": "Commercial Credit Bureau 1",
      "address": "PASS",
      "birth_date": "PASS"
},
    {
      "name": "PASS",
      "label": "Public Credit Bureau",
      "address": "PASS",
      "birth_date": "NA"
}
  ],
  "quick_id_name_result": "PASS",
  "quick_id_birth_date_result": "PASS",
  "quick_id_address_result": "PASS",
  "quick_id_overall_result": "PASS",
  "pep_overall_result": "NA",
  "name_result": "PASS",
  "birth_date_result": "PASS",
  "address_result": "PASS",
  "overall_result": "PASS",
  "pep_result": "NA",
  "pep_hits": null,
  "org_name": "ABC Super Fund",
  "is_facematch_completed": true,
  "facematch_is_completed": true,
  "facematch_identity_document_result": "PASS",
  "facematch_data_comparison_result": "PASS",
  "facematch_document_expiry_result": "PASS",
  "facematch_anti_tamper_result": "PASS",
  "facematch_id_doc_liveliness_result": "PASS",
  "facematch_agency_duplicate_result": "PASS",
  "facematch_anti_fraud_result": "PASS",
  "facematch_portraits_comparison_result": "PASS",
  "facematch_mrz_result": "PASS",
  "facematch_portrait_age_result": "PASS",
  "facematch_public_figure_result": "PASS",
  "facematch_photo_liveliness_result": "FAIL",
  "facematch_face_comparison_result": "PASS",
  "facematch_overall_result": "FAIL",
  "facematch_first_name_OCR_result": true,
  "facematch_last_name_OCR_result": true,
  "facematch_birth_date_OCR_result": true,
  "facematch_document_OCR_check": true,
  "facematch_matched_public_figures": null,
  "facematch_portrait_age_range": null,
  "facematch_duplicate_signature_keys": null,
  "facematch_id_type": "New Zealand Driver Licence",
  "facematch_id_country": "New Zealand",
  "facematch_id_expiry": "2035-10-03",
  "facematch_ocr_data": {
    "city": null,
    "state": null,
    "unit_no": null,
    "full_name": "MOCK FM3 PASS",
    "last_name": "PASS",
    "birth_date": "1900-01-01",
    "first_name": "MOCK",
    "issue_date": "1990-01-01",
    "expiry_date": "2100-01-01",
    "middle_name": "FM3",
    "national_id": "AB123123",
    "postal_code": null,
    "country_code": "NZ",
    "country_name": "New Zealand",
    "address_line_1": null,
    "address_line_2": null,
    "national_id_type": "DRV",
    "national_id_secondary": "123",
    "national_id_secondary_type": null
},
  "facematch_mrz_validated": true,
  "facematch_id_front_url_TEMP": "https://s3.ap-southeast-2.amazonaws.com/realaml-staging/d19d6b6d8eaa4121ad8712a34e44e513/3a685330868b411f89e72dd7ef34e501.jpg?X-Amz-Algorithm=AWS4-HMAC-SHA256&X-Amz-Credential=AKIA5QIHEJTFFUKANTOK%2F20220805%2Fap-southeast-2%2Fs3%2Faws4_request&X-Amz-Date=20220805T065526Z&X-Amz-Expires=900&X-Amz-SignedHeaders=host&X-Amz-Signature=666a9ecc56690dba3fb24d357d57c49bf3d02cde5de3ff4dc19a2d6396c79c3b",
  "facematch_id_back_url_TEMP": "https://s3.ap-southeast-2.amazonaws.com/realaml-staging/d19d6b6d8eaa4121ad8712a34e44e513/ba8cf4e31de545d3ba16de3f75bdb1e0.jpg?X-Amz-Algorithm=AWS4-HMAC-SHA256&X-Amz-Credential=AKIA5QIHEJTFFUKANTOK%2F20220805%2Fap-southeast-2%2Fs3%2Faws4_request&X-Amz-Date=20220805T065526Z&X-Amz-Expires=900&X-Amz-SignedHeaders=host&X-Amz-Signature=3a40b86363e9e104bedfb08afd3738a5e6ce4a3d2ce26d6c7eb6c6de5f11e181",
  "facematch_id_front_original_url_TEMP": "https://s3.ap-southeast-2.amazonaws.com/realaml-staging/d19d6b6d8eaa4121ad8712a34e44e513/3a685330868b411f89e72dd7ef34e501.jpg?X-Amz-Algorithm=AWS4-HMAC-SHA256&X-Amz-Credential=AKIA5QIHEJTFFUKANTOK%2F20220805%2Fap-southeast-2%2Fs3%2Faws4_request&X-Amz-Date=20220805T065526Z&X-Amz-Expires=900&X-Amz-SignedHeaders=host&X-Amz-Signature=666a9ecc56690dba3fb24d357d57c49bf3d02cde5de3ff4dc19a2d6396c79c3b",
  "facematch_id_back_original_url_TEMP": "https://s3.ap-southeast-2.amazonaws.com/realaml-staging/d19d6b6d8eaa4121ad8712a34e44e513/ba8cf4e31de545d3ba16de3f75bdb1e0.jpg?X-Amz-Algorithm=AWS4-HMAC-SHA256&X-Amz-Credential=AKIA5QIHEJTFFUKANTOK%2F20220805%2Fap-southeast-2%2Fs3%2Faws4_request&X-Amz-Date=20220805T065526Z&X-Amz-Expires=900&X-Amz-SignedHeaders=host&X-Amz-Signature=3a40b86363e9e104bedfb08afd3738a5e6ce4a3d2ce26d6c7eb6c6de5f11e181",
  "facematch_face_from_id_url_TEMP": null,
  "facematch_face_from_selfie_url_TEMP": null,
  "facematch_face_from_liveness_url_TEMP": null,
  "facematch_selfie_url_TEMP": "https://s3.ap-southeast-2.amazonaws.com/realaml-staging/d19d6b6d8eaa4121ad8712a34e44e513/5ed479a791024db0a52e24f7f476b2e3.png?X-Amz-Algorithm=AWS4-HMAC-SHA256&X-Amz-Credential=AKIA5QIHEJTFFUKANTOK%2F20220805%2Fap-southeast-2%2Fs3%2Faws4_request&X-Amz-Date=20220805T065526Z&X-Amz-Expires=900&X-Amz-SignedHeaders=host&X-Amz-Signature=1432269f823cad0eddbd9384d9762ec16cb08657d30b8e3980d7bc54ae5675b0",
  "facematch_liveness_url_TEMP": "https://s3.ap-southeast-2.amazonaws.com/realaml-staging/d19d6b6d8eaa4121ad8712a34e44e513/5ed479a791024db0a52e24f7f476b2e3.png?X-Amz-Algorithm=AWS4-HMAC-SHA256&X-Amz-Credential=AKIA5QIHEJTFFUKANTOK%2F20220805%2Fap-southeast-2%2Fs3%2Faws4_request&X-Amz-Date=20220805T065526Z&X-Amz-Expires=900&X-Amz-SignedHeaders=host&X-Amz-Signature=1432269f823cad0eddbd9384d9762ec16cb08657d30b8e3980d7bc54ae5675b0",
  "facematch_liveness_video1_url_TEMP": "https://s3.ap-southeast-2.amazonaws.com/realaml-staging/d19d6b6d8eaa4121ad8712a34e44e513/4acddac98d8c4fc394ff9b3967deab2b.webm?X-Amz-Algorithm=AWS4-HMAC-SHA256&X-Amz-Credential=AKIA5QIHEJTFFUKANTOK%2F20220805%2Fap-southeast-2%2Fs3%2Faws4_request&X-Amz-Date=20220805T065526Z&X-Amz-Expires=900&X-Amz-SignedHeaders=host&X-Amz-Signature=2bc6cfb8b49af9501c4c38ebdd48eaa11364da0299a1c85fbbdb55e61c822a59",
  "facematch_liveness_video2_url_TEMP": null,
  "facematch_liveness_probability": 0,
  "facematch_liveness_quality": 0,
  "is_bankmatch_completed": null,
  "bankmatch_is_completed": null,
  "bankmatch_bank_name": null,
  "bankmatch_bank_logo_url_TEMP": null,
  "bankmatch_overall_result": null
}
